loc,q,ans,memo,dist1,dist2,dist3
"P104 L1","冒頭で「山椒魚は悲しんだ」とある。山椒魚が悲しんだ直接の理由として最も適切なものを答えよ。","自分が岩屋から外へ出られなくなっており、自由を失ったことに気づいたから。","岩屋の外へ出られないという自分自身の変化に気づいたことが直接の原因。授業では、自由を失い、不自由・孤独の状態に置かれることへつながると整理した。","岩屋の外の生き物が自分を仲間外れにしていることに気づいたから。","岩屋の内部が以前より狭くなり、生活できなくなったから。","外の生き物が岩屋へ入ってくることを恐れたから。"
"P104 L1付近","冒頭の山椒魚の境遇について、授業では人間にも通じるどのようなことが示されていると説明されたか。","自分自身の変化に気づかないままでいると、自由を失い、不自由や孤独に陥ることがあるということ。","授業では山椒魚だけの特殊な出来事としてではなく、人間にも起こりうることとして捉えた。自分の変化への無自覚が自由の喪失につながる点が重要。","周囲の変化を気にしすぎると、他人から嫌われて孤立することがあるということ。","自由を得るには、周囲の生き物との競争に勝たなければならないということ。","孤独を避けるためには、自分の変化を他人に知らせる必要があるということ。"
"P104 L1付近","授業で『山椒魚』を「寓話」として捉えた際の説明として最も適切なものを答えよ。","山椒魚の出来事を通して、教訓的な意味を人間の生き方にも及ぼして考えられる話である。","ノートでは「寓話」を「教訓の意味をこめたたとえ話」とし、山椒魚だけでなく人間についても考える作品として説明している。","山椒魚の生態を正確に説明し、動物の習性について知識を得るための話である。","実際に起きた出来事を記録し、自然界の厳しさを伝えるための話である。","人間とは関係なく、山椒魚だけの悲劇を面白く描くための話である。"
"P105 L2","「俺にも相当な考えがあるんだ」という山椒魚の言葉に表れている態度として最も適切なものを答えよ。","自由に動けない自分の現状をごまかし、虚勢を張って自分を保とうとする態度。","自由に動けない苛立ちや、自由な相手への嫉妬がありながら、何もできない現状を認識している。そのため強く見せようとする「虚勢」が先生のまとめ。","自分には岩屋から脱出する確実な方法があると冷静に確信している態度。","自分の不自由を受け入れ、外の生き物を素直に応援しようとする態度。","相手と協力すれば問題を解決できると前向きに考えている態度。"
"P105 L13付近","「ほの暗い場所」と「明るい場所」との対比から、山椒魚の心理について授業ではどのように整理したか。","身近なものを疎ましく感じる一方で、別の世界や手の届かないものには憧れや羨望を抱いている。","暗い身近な場所と、日の当たる明るい場所が対比されている。授業では「身近なものは疎ましくても、別の世界・手の届かないものに憧れ、羨望をもちやすい」とまとめた。","身近なものほど理想化し、手の届かないものには関心を示さなくなっている。","明るい場所を危険だと考え、暗い場所だけに安心感を抱いている。","身近な世界と外の世界のどちらにも同じ程度の満足を感じている。"
"P106 L12付近","山椒魚が外を動ける相手をばかにしたり見下したりする背景にある心情として最も適切なものを答えよ。","自分は外へ出られないという不自由への苛立ちや嫉妬があり、相手を見下すことで優越感を得ようとしている。","自分の不自由さを棚に上げ、自由に動ける相手を見下す。授業では、嫉妬・苛立ちと「優越を得たい」という方向で整理されている。","相手が危険な場所へ向かうのを心配し、注意しようとしている。","相手の行動力に感心し、自分も同じようになりたいと素直に尊敬している。","自分の方が自由に動けるため、相手の不器用さを面白がっている。"
"P106 L12付近","授業で説明された、山椒魚とは異なる形の「不自由」とはどのようなものか。","自分一人の意志だけでは動けず、集団の意志や動きに合わせて生きざるを得ないこと。","山椒魚の不自由は岩屋から出られないことだが、別の不自由として「一人が違う方向へ行こうとしても集団に従ってしまう」状態が挙げられ、人間の生き方への諷刺として扱われた。","自分の考えを持っていても、身体が大きすぎて岩屋から出られないこと。","周囲の生き物に嫌われているため、一人で行動しなければならないこと。","自由に動けるため、かえって行き先を自分で決められなくなること。"
"P107 L15付近","山椒魚が「涙」に気づいた場面は、自分自身についてどのような認識につながったと考えられているか。","目の前の様子が自分にも当てはまり、自分自身も「かわいそう」な存在だと認めざるを得なくなった。","他者の姿を見ていた山椒魚が、その状況を自分自身に重ねる点が重要。自分の境遇を外から見るように認識したことが、次の行動のきっかけになる。","自分だけは他の生き物と違って悲しむ必要がないと確信するようになった。","自分の不自由は他者より軽いのだから我慢すべきだと納得した。","自分を閉じ込めた原因が外の生き物にあると初めて理解した。"
"P107 L15付近","この場面以後、山椒魚が状況を変えようと行動することには、授業でどのような皮肉が指摘されたか。","自分の惨めな状況を変えようと行動したのに、失敗したことでかえって笑われるような結果になる点。","自分にも当てはまる状況に気づいたことが行動のきっかけとなる。成功すれば格好よいが、失敗することで逆に滑稽さが増すという皮肉的な構造が指摘された。","行動しなかったために、周囲から勇気のない者として笑われる点。","状況を変えることには成功したが、その成功を誰にも理解してもらえない点。","外へ出ることに成功した結果、以前より孤独になってしまう点。"
"P108 L15","「読者はこの山椒魚を嘲笑してはいけない」とされる理由として、授業での説明に最も合うものを答えよ。","山椒魚と同じような不自由や境遇は人間にも起こりうることであり、読者自身にも関係するから。","山椒魚を単なる笑いの対象とせず、人間も同様の状況に置かれれば同じようになりうる、という注意喚起として説明された。","山椒魚は失敗しても最後には必ず成功する存在だから。","山椒魚の行動はすべて正しく、読者より優れた判断をしているから。","山椒魚が読者から同情されることを望んでいると本文に明記されているから。"
"P109 L10","山椒魚が「目を遊ばせ」ない方がよいと考えられるのはなぜか。","活発に動き回る生き物を見ると、動けない自分との対比によって惨めさや悲しさを強く自覚してしまうから。","授業では「活発に動き回る者」と「動けない自分」の対比を確認し、それを見ることで「みじめ・悲しい・心が傷つく・情けなくなる」と整理した。","外の生き物を見ると、自分も同じように自由に動けると錯覚してしまうから。","動く生き物を見続けると、岩屋の外の様子が分からなくなってしまうから。","外の生き物に自分の存在を知られ、攻撃される危険があるから。"
"P109 L11","山椒魚を「ブリキの切りくず」にたとえる表現には、どのような意味が込められていると授業で説明されたか。","価値が低く、何の役にも立てず、積極的に行動することもできない存在であること。","「切りくず」は製品から切り離された、何にも使えないものとして整理された。希少価値がなく、役に立たず、風化していくだけのような山椒魚の状態を表す比喩。","小さいながらも丈夫で、どのような環境でも生き残れる存在であること。","他の生き物にはない高い価値をもち、岩屋の中で特別な存在であること。","形を自由に変えられ、どこへでも移動できる存在であること。"
"P110 L10","山椒魚の「すすり泣きの声」に表れている中心的な心情として最も適切なものを答えよ。","自由を失ったことと、ひとりぼっちであることから生じる悲しさ。","授業では「不自由さ」「孤独感」から来る悲しさとしてまとめた。無力感や悲哀も関連するが、中心は自らの不自由と孤独。","自由に動ける生き物への怒りだけが高まり、復讐を決意した気持ち。","外の世界へ出られる日が近いと感じたことによる喜び。","自分の境遇を受け入れ、静かな生活に満足した気持ち。"
"P110 L10付近","山椒魚が目を閉じたときに「際限がない」空間を感じられることは、どのような意味をもつと授業で説明されたか。","現実には自由を失っている山椒魚に残された、目を閉じて想像するというわずかな自由を示している。","「目を閉じる」という行為だけは山椒魚に許された自由として扱われた。実際には不自由なのに、暗闇の中では果てしない空間を感じられるという矛盾・逆説が強調されている。","目を閉じれば岩屋の出口が広がり、実際に外へ出られることを示している。","暗闇の方が現実の岩屋より狭く感じられ、自由のなさが一層強まることを示している。","山椒魚が外の世界への関心を完全に失ったことを示している。"
"P110 L13","山椒魚が「よくない性質を帯びてきた」とは、どのような変化を指しているか。","自分の悲しさや不自由への苛立ちが、自由をもつ他者への恨みや怒りに変わり、相手の自由まで奪おうとするようになったこと。","悲哀が内側にとどまらず他者へ向かい、八つ当たりするようになる変化。授業では「自由をもっている相手から自由を奪おうと思った」「他者をおとしめる」と整理した。","自分の不自由を受け入れ、他者の自由を尊重できるようになったこと。","外へ出る方法を落ち着いて考え、計画的に行動するようになったこと。","孤独を好むようになり、他者への関心を完全に失ったこと。"
"P111 L14","山椒魚と蛙が同じような悪口を何度も繰り返すのはなぜか。","建設的・論理的な主張ができず、自分の主張を通すために相手を否定することしかできないから。","授業では、言い争いが本質的な議論にならず、同じ否定の応酬に戻ってしまう点を確認した。「自分の主張を通そうにも主張できず、相手を否定するほかない」がまとめ。","二人とも相手の意見を正確に理解し、論点を深めようとしているから。","同じ言葉を繰り返すことで、互いに和解の意思を伝えようとしているから。","どちらも自分の主張を取り下げ、相手の考えを受け入れようとしているから。"
"P112 L1","「初夏の水の温度」が岩屋の二者を再び活動的にしたことは、授業でどのように説明されたか。","冬眠のような動かない状態から目覚め、再び動いたり言い争ったりする、生物らしい活動状態に戻ったということ。","授業では「動く／動かない」の対比で整理し、冬眠していた状態から目覚め、言い合いも再開することを「生物らしい状態に戻る」と説明した。","寒さが強くなったため、二者がさらに深い冬眠に入ったということ。","水温の変化によって二者の対立が完全に解消し、会話をやめたということ。","岩屋の環境が変化し、二者とも自由に外へ出られるようになったということ。"
"P112 L9","山椒魚が「自分の悲しみが相手に聞こえないように注意していた」のはなぜか。","二者が意地を張り合う我慢比べの状態にあり、弱りや悲しみを見せることを負けだと感じていたから。","口論が水掛け論となった後、互いに強がって対抗している。体力・精神力の弱りがあっても、それを相手に見せたくないという「意地の張り合い」が先生のまとめ。","自分の悲しみを聞かせると、蛙まで悲しくなってしまうと心配したから。","蛙には自分の声がまったく聞こえないと思い込んでいたから。","悲しみを隠せば、岩屋から外へ出る方法を思いつけると考えたから。"
"P112 L14","山椒魚が蛙に「友情」を感じ始めた理由として、授業の説明に最も合うものを答えよ。","相手も自分と同じように苦しい状況にあり、弱さを隠していることに気づき、共感できるようになったから。","互いに弱音を隠して強がっているという共通点があり、相手の苦しい状況を初めて知ることで共感・同情が生まれると説明された。","蛙が山椒魚に謝罪し、全面的に自分の非を認めたから。","二者が岩屋から一緒に脱出する計画を立てることになったから。","蛙が山椒魚より強い存在だと認め、山椒魚が従うことにしたから。"
"P113 L11","蛙の「怒ってはいないんだ」という言葉について、授業ではどのように捉えたか。","後になって怒りが消えたというより、蛙はもともと強い怒りを抱いていたわけではないことを示している。","「今でも、別に……」という表現から、怒りが新たな共感によって打ち消されたのではなく、元から強く怒ってはいなかったと整理された。山椒魚との口論も、孤独な状況の中での関わりとして捉えられている。","蛙は長い間強い怒りを抱えていたが、最後の瞬間に突然すべて忘れたことを示している。","蛙は本当は激しく怒っているが、山椒魚をだますために嘘をついたことを示している。","蛙は自分が岩屋に閉じ込められたこと自体を覚えていないことを示している。"
"P113 L11付近","蛙について、授業では山椒魚との共通点としてどのようなことが指摘されたか。","蛙も孤独を抱えており、自由であることだけで幸福を感じていたわけではないということ。","ノートでは「蛙も孤独を抱えている」と整理され、外にいたころから孤独があり、自由そのものに幸福を感じていたわけではないという見方が示されている。","蛙は外にいたころ完全に満足しており、岩屋に入って初めて孤独を知ったということ。","蛙は山椒魚と異なり、一度も孤独や不自由を感じたことがないということ。","蛙は自由を失ったことで初めて山椒魚を憎み、復讐だけを考えるようになったということ。"
"作品後半・全体","山椒魚と蛙の関係について、授業の最後のまとめとして最も適切なものを答えよ。","表面上は互いに違い、分かり合えない存在に見えるが、実際には孤独や不自由、意地や弱さを共に抱える似た者同士である。","最初は「自分と相手は違う」「分かり合えない」という対比に見える。しかし先生のまとめでは、それは表面上の見え方であり、二者には「孤独」「不自由」「自分を通そうとする」「意地を張る」「弱みがある」といった共通点があるとされた。","表面上は似ているように見えるが、実際には考え方も境遇もまったく異なる存在である。","二者は初めから互いを完全に理解しており、対立はすべて冗談として行われていた。","二者には共通点がなく、最後まで相手の苦しみを理解することはなかった。"
"作品後半・全体","山椒魚と蛙の関係を説明する際、授業で「逆説」として示された点は何か。","二者そのものが別人のように変化したのではなく、表面上は異なる存在に見えていた二者の奥に、もともと共通する部分があったこと。","ノートでは「変化があったわけではない、表面と奥」と整理されている。二者が途中で突然同じ性質になったのではなく、対立の奥にあった似た者同士としての面が明らかになる。","二者は対立を通して性格が完全に入れ替わり、最後には互いの立場が逆転したこと。","最初は仲がよかった二者が、時間の経過とともに共通点を失って対立するようになったこと。","二者の境遇は最後まで完全に異なっており、似ているように見えること自体が誤解であること。"
